tau_T,p_sc_kTe_10,p_sc_kTe_15,p_sc_kTe_20,p_sc_kTe_30,p_sc_kTe_50
8,,,,0.9999376224587265,0.9999376042711372
10,,,,,
