tau_T,eta_kTe_10,eta_kTe_15,eta_kTe_20,eta_kTe_30,eta_kTe_50
8,,,,0.5004981744950759,0.5098637444455157
10,,,,,
